<NotepadPlus>
    <UserLang name="orx" ext=".orx">
        <Settings>
            <Global caseIgnored="no" />
            <TreatAsSymbol comment="no" commentLine="yes" />
            <Prefix words1="no" words2="no" words3="no" words4="no" />
        </Settings>
        <KeywordLists>
            <Keywords name="Delimiters">([0)]0</Keywords>
            <Keywords name="Folder+"></Keywords>
            <Keywords name="Folder-">;e</Keywords>
            <Keywords name="Operators">&quot; # ( ) . @ [ ] _ | ~ &lt; = &gt;</Keywords>
            <Keywords name="Comment"> 1 2 0;</Keywords>
            <Keywords name="Words1">Accelereation AccelerometerFrequency Alpha Amplification AngularDamping AngularVelocity AnimationFrequency Attenuation BackgroundColor BottomRight Center CharacterHeight CharacterSize CharacterSpacing CharacterWidthList ChildAnchor ChildGroundAnchor ChildLength Color CustomGravity Damping DefaultKeyDuration Density DimensionRatio EndTime EndValue Float Frequency Friction FrustumFar FrustumHeight FrustumNear FrustumWidth Gravity Inertia JointRatio JoystickMultiplier JoystickThreshold KeyDuration KeyEventValue Length LengthRatio LifeTime LinearDamping MainClockFrequency Mass MaxChildLength MaxForce MaxMotorForce MaxMotorTorque MaxParentLength MaxRotation MaxTorque MaxTranslation MinFrequency MinRotation MinTranslation ModifierValue MotorSpeed ObjectSpeed ParamFloat ParamVector ParentAnchor ParentGroundAnchor ParentLength Period Phase Pitch Pivot Position Pow Radius RefDistance RelativeSize Repeat Restitution Rotation Scale Size Speed StartTime StartValue TextureCorner TextureSize TopLeft TranslationAxis Vector VertexList Volume WaveDelay Zoom float full vector</Keywords>
            <Keywords name="Words2">AnimationList AnimationSet AnimationSetTemplate AnimationTemplate Body BodyPartBoxTemplate BodyPartMeshTemplate BodyPartSphereTemplate BodyPartTemplate BodyTemplate Box Camera CameraTemplate ChildJointList ChildList Clock ClockTemplate Config Destination Directory Display FX FXList FXSlot FXSlotTemplate FXTemplate Font FontTemplate FrictionJoint GameFile GearJoint Graphic GraphicTemplate Input Joint JointTemplate KeyData LanguageList LinkList LinkTemplate Locale Mesh Mouse Music Object ObjectTemplate Param Parent ParentCamera PartList Physics Plugin PrismaticJoint PulleyJoint PullyJoint Render RevoluteJoint RopeJoint Screenshot SetList Shader ShaderList ShaderTemplate SlotList Sound SoundList SoundSystem SoundTemplate Source Spawner SpawnerTemplate Sphere SpringJoint SuspensionJoint Template Text TextTemplate Texture Viewport ViewportTemplate WeldJoint iPhone</Keywords>
            <Keywords name="Words3">Absolute ActiveObject AllowGroundSliding AllowMoving AllowResize AllowSleep AutoReset CheckMask CleanOnDelete Collide Decoration DepthBuffer DepthScale Digits Dynamic FixedRotation FullScreen HighSpeed History IgnorePath Int IterationsPerStep KeepInCache Loop Priority ScreenDepth ScreenHeight ScreenWidth SelfFlags ShowCursor ShowFPS ShowProfiler Smoothing Solid StreamBufferNumber StreamBufferSize TotalObject UseAlpha UseColor UseCustomParam UseRelativeSpeed UseRotation UseScale UseSelfAsParent VSync WaveSize bool false int true</Keywords>
            <Keywords name="Words4">AutoScroll BaseName BlendMode CharacterList ChildJoint Code CombineList Curve DebugSuffix Extension Flip GameFile JOY_1_ JOY_POV_ JOY_R_ JOY_U_ JOY_V_ JOY_X_ JOY_Y_ JOY_Z_ KEY_0 KEY_1 KEY_2 KEY_3 KEY_4 KEY_5 KEY_6 KEY_7 KEY_8 KEY_9 KEY_A KEY_ADD KEY_B KEY_BACKSLASH KEY_BACKSPACE KEY_C KEY_COMMA KEY_D KEY_DASH KEY_DELETE KEY_DIVIDE KEY_DOWN KEY_E KEY_END KEY_EQUAL KEY_ESCAPE KEY_F KEY_F1 KEY_F10 KEY_F11 KEY_F12 KEY_F13 KEY_F14 KEY_F15 KEY_F2 KEY_F3 KEY_F4 KEY_F5 KEY_F6 KEY_F7 KEY_F8 KEY_F9 KEY_G KEY_H KEY_HOME KEY_I KEY_INSERT KEY_J KEY_K KEY_L KEY_LALT KEY_LBRACKET KEY_LCTRL KEY_LEFT KEY_LSHIFT KEY_LSYSTEM KEY_M KEY_MENU KEY_MULTIPLY KEY_N KEY_NUMPAD0 KEY_NUMPAD1 KEY_NUMPAD2 KEY_NUMPAD3 KEY_NUMPAD4 KEY_NUMPAD5 KEY_NUMPAD6 KEY_NUMPAD7 KEY_NUMPAD8 KEY_NUMPAD9 KEY_O KEY_P KEY_PAGEDOWN KEY_PAGEUP KEY_PAUSE KEY_PERIOD KEY_Q KEY_QUOTE KEY_R KEY_RALT KEY_RBRACKET KEY_RCTRL KEY_RETURN KEY_RIGHT KEY_RSHIFT KEY_RSYSTEM KEY_S KEY_SEMICOLON KEY_SLASH KEY_SPACE KEY_SUBTRACT KEY_T KEY_TAB KEY_TILDE KEY_U KEY_UP KEY_V KEY_W KEY_X KEY_Y KEY_Z KeyEventName MOUSE_EXTRA_1 MOUSE_EXTRA_2 MOUSE_LEFT MOUSE_MIDDLE MOUSE_RIGHT MOUSE_WHEEL_DOWN MOUSE_WHEEL_UP ModifierType ParamList ParamTexture ParentJoint Property RelativePosition String Title Type UseParentSpace add alpha both bottom box capped center cleartarget color fixed friction gear immediate left linear mesh multiply none position prismatic pulley revolute right rope rotation round scale screen sine smooth smoother speed sphere spring square string suspension top triangle truncate weld x y</Keywords>
        </KeywordLists>
        <Styles>
            <WordsStyle name="DEFAULT" styleID="11" fgColor="000000" bgColor="FFFFFF" fontName="" fontStyle="0" />
            <WordsStyle name="FOLDEROPEN" styleID="12" fgColor="000000" bgColor="FFFFFF" fontName="" fontStyle="0" />
            <WordsStyle name="FOLDERCLOSE" styleID="13" fgColor="000000" bgColor="FFFFFF" fontName="" fontStyle="0" />
            <WordsStyle name="KEYWORD1" styleID="5" fgColor="0000FF" bgColor="FFFFFF" fontName="" fontStyle="0" />
            <WordsStyle name="KEYWORD2" styleID="6" fgColor="FF0080" bgColor="FFFFFF" fontName="" fontStyle="4" />
            <WordsStyle name="KEYWORD3" styleID="7" fgColor="804000" bgColor="FFFFFF" fontName="" fontStyle="1" />
            <WordsStyle name="KEYWORD4" styleID="8" fgColor="0080FF" bgColor="FFFFFF" fontName="" fontStyle="0" />
            <WordsStyle name="COMMENT" styleID="1" fgColor="000000" bgColor="FFFFFF" fontName="" fontStyle="0" />
            <WordsStyle name="COMMENT LINE" styleID="2" fgColor="008000" bgColor="FFFFFF" fontName="" fontStyle="0" />
            <WordsStyle name="NUMBER" styleID="4" fgColor="0000FF" bgColor="FFFFFF" fontName="" fontStyle="3" />
            <WordsStyle name="OPERATOR" styleID="10" fgColor="FF0000" bgColor="FFFFFF" fontName="" fontStyle="1" />
            <WordsStyle name="DELIMINER1" styleID="14" fgColor="0000FF" bgColor="FFFFFF" fontName="" fontStyle="0" />
            <WordsStyle name="DELIMINER2" styleID="15" fgColor="FF0080" bgColor="FFFFFF" fontName="" fontStyle="1" />
            <WordsStyle name="DELIMINER3" styleID="16" fgColor="000000" bgColor="FFFFFF" fontName="" fontStyle="0" />
        </Styles>
    </UserLang>
</NotepadPlus>
